{
  "users": [
    {
      "id": 1,
      "username": "admin",
      "password": "admin@123"
    }
  ],
  "country": [
    {
      "id": 1,
      "name": "India",
      "population": 3310026519
    },
    {
      "id": 2,
      "name": "Australia",
      "population": 789566699
    },
    {
      "id": 3,
      "name": "Canada",
      "population": 37742154
    },
    {
      "id": 4,
      "name": "USA",
      "population": 67886011
    },
    {
      "name": "Pakistan",
      "population": "788888",
      "id": 5
    },
    {
      "id": 6,
      "name": "France",
      "population": "77441255"
    },
    {
      "name": "China",
      "population": 1425830081,
      "id": 7
    },
    {
      "name": "Indonesia",
      "population": 280829472,
      "id": 8
    },
    {
      "name": "Nigeria",
      "population": 216375148,
      "id": 9
    },
    {
      "id": 10,
      "name": "Brazil",
      "population": 216375148
    },
    {
      "name": "Bangladesh",
      "population": 216375148,
      "id": 11
    },
    {
      "name": "Spain",
      "population": 47519628,
      "id": 12
    },
    {
      "name": "\tArgentina",
      "population": 45773884,
      "id": 13
    },
    {
      "name": "\tIraq",
      "population": 45504560,
      "id": 14
    },
    {
      "name": "Poland",
      "population": 41026067,
      "id": 15
    },
    {
      "name": "\tMorocco",
      "population": 37840044,
      "id": 16
    },
    {
      "name": "Saudi Arabia",
      "population": 36947025,
      "id": 17
    },
    {
      "name": "Ukraine",
      "population": 36744634,
      "id": 18
    },
    {
      "name": "\tAngola",
      "population": 36684202,
      "id": 19
    },
    {
      "name": "\tUzbekistan",
      "population": 35163944,
      "id": 20
    },
    {
      "name": "\tYemen",
      "population": 34449825,
      "id": 21
    },
    {
      "name": "\tPeru",
      "population": 34352719,
      "id": 22
    },
    {
      "name": "\tMalaysia",
      "population": 34308525,
      "id": 23
    },
    {
      "name": "\tNepal",
      "population": 30896590,
      "id": 24
    },
    {
      "name": "North Korea",
      "population": 26160821,
      "id": 25
    },
    {
      "name": "\tTaiwan",
      "population": 23923276,
      "id": 26
    },
    {
      "name": "Romania",
      "population": 19892812,
      "id": 27
    }
  ]
}